No,Product Types,Source,Product Name,Seller,Latitude,Longitude,Link,Location
1,Cosmetics,Tokopedia,SABUN MANDI BATANG MANGROVE,UP2K PKK SICANANG,3.65,98.6667,https://www.tokopedia.com/up2k-pkk-scn/sabun-mandi-batang-mangrove?extParam=src%3Dshop%26whid%3D16973341&aff_unique_id=&channel=others&chain_key=,Kota Medan
2,Food products,Tokopedia,Basreng Mangrove,UP2K PKK SICANANG,3.65,98.6667,https://www.tokopedia.com/up2k-pkk-scn/basreng-mangrove?extParam=src%3Dshop%26whid%3D16973341&aff_unique_id=&channel=others&chain_key=,Kota Medan
3,Cosmetics,Tokopedia,HAND & BODY LOTION MANGROVE,UP2K PKK SICANANG,3.65,98.6667,https://www.tokopedia.com/up2k-pkk-scn/hand-body-lotion-mangrove?extParam=src%3Dshop%26whid%3D16973341&aff_unique_id=&channel=others&chain_key=,Kota Medan
4,Cosmetics,Tokopedia,SABUN CUCI PIRING CAIR DAUN MANGROVE,UP2K PKK SICANANG,3.65,98.6667,https://www.tokopedia.com/up2k-pkk-scn/sabun-cuci-piring-cair-daun-mangrove?extParam=ivf%3Dfalse%26keyword%3Dsabun+mangrove%26search_id%3D202510030434065737C6EC2E071629C4DL%26src%3Dsearch,Kota Medan
5,Cosmetics,Tokopedia,SHAMPOO MANGROVE,UP2K PKK SICANANG,3.65,98.6667,https://www.tokopedia.com/up2k-pkk-scn/shampoo-mangrove?extParam=whid%3D16973341%26src%3Dshop&aff_unique_id=&channel=others&chain_key=,Kota Medan
6,Cosmetics,Tokopedia,LULUR MANGROVE,UP2K PKK SICANANG,3.65,98.6667,https://www.tokopedia.com/up2k-pkk-scn/lulur-mangrove?extParam=src%3Dshop%26whid%3D16973341&aff_unique_id=&channel=others&chain_key=,Kota Medan
7,Cosmetics,Tokopedia,YOGURT MANGROVE,UP2K PKK SICANANG,3.65,98.6667,https://www.tokopedia.com/up2k-pkk-scn/yogurt-mangrove?extParam=src%3Dshop%26whid%3D16973341&aff_unique_id=&channel=others&chain_key=,Kota Medan
8,Food products,Tokopedia,KERUPUK MANGROVE,UP2K PKK SICANANG,3.65,98.6667,https://www.tokopedia.com/up2k-pkk-scn/kerupuk-mangrove?extParam=src%3Dshop%26whid%3D16973341&aff_unique_id=&channel=others&chain_key=,Kota Medan
9,Cosmetics,Tokopedia,DODOL MANGROVE RASA PANDAN,UP2K PKK SICANANG,3.65,98.6667,https://www.tokopedia.com/up2k-pkk-scn/dodol-mangrove-rasa-pandan?extParam=src%3Dshop%26whid%3D16973341&aff_unique_id=&channel=others&chain_key=,Kota Medan
10,Food products,Tokopedia,ES DAWET MANGROVE / ES DAWET AVICENA,UP2K PKK SICANANG,3.65,98.6667,https://www.tokopedia.com/up2k-pkk-scn/es-dawet-mangrove-es-dawet-avicena?extParam=whid%3D16973341%26src%3Dshop&aff_unique_id=&channel=others&chain_key=,Kota Medan
11,Food products,Tokopedia,KERIPIK MANGROVE / KERIPIK JERUJU,UP2K PKK SICANANG,3.65,98.6667,https://www.tokopedia.com/up2k-pkk-scn/keripik-mangrove-keripik-jeruju?extParam=src%3Dshop%26whid%3D16973341&aff_unique_id=&channel=others&chain_key=,Kota Medan
12,Food products,Tokopedia,SIRUP MANGROVE / PREPAT / BEREMBANG,UP2K PKK SICANANG,3.65,98.6667,https://www.tokopedia.com/up2k-pkk-scn/sirup-mangrove-prepat-berembang?extParam=whid%3D16973341%26src%3Dshop&aff_unique_id=&channel=others&chain_key=,Kota Medan
13,Cosmetics,Tokopedia,"MOTAA PRODUK 500 ml Soap, cuci piring, cuci tangan, sungsang, mangrove, alami, lestari, sabun, bersih, Harum, Aman",Mat Asan,-2.4167,104.9167,https://www.tokopedia.com/mat-asan/motaa-produk-500-ml-soap-cuci-piring-cuci-tangan-sungsang-mangrove-alami-lestari-sabun-bersih-harum-aman-1731221633853195518?extParam=ivf%3Dfalse%26keyword%3Dsabun+mangrove%26search_id%3D202510030434065737C6EC2E071629C4DL%26src%3Dsearch,Kabupaten Banyuasin
14,Food products,Tokopedia,Keripik daun mangrove Kering,MANG oge,-6.2467,107.1083,https://www.tokopedia.com/mang-oge/keripik-daun-mangrove-kering-1730335938057438985?extParam=ivf%3Dfalse%26keyword%3Dkeripik+mangrove%26search_id%3D2025100307110511B9842E0A271F09BBA7%26src%3Dsearch,Kabupaten Bekasi
15,Food products,Tokopedia,Peyek daun mangrove Snack,MANG oge,-6.2467,107.1083,https://www.tokopedia.com/mang-oge/peyek-daun-mangrove-snack-1730681719674603273?extParam=src%3Dshop%26whid%3D19199883&aff_unique_id=&channel=others&chain_key=,Kabupaten Bekasi
16,Food products,Tokopedia,Dodol rujak mangrove sensi pedas asam,MANG oge,-6.2467,107.1083,https://www.tokopedia.com/mang-oge/dodol-rujak-mangrove-sensi-pedas-asam-1730310413161760521?extParam=src%3Dshop%26whid%3D19199883&aff_unique_id=&channel=others&chain_key=,Kabupaten Bekasi
17,Food products,Tokopedia,Kacang umpet daun mangrove,MANG oge,-6.2467,107.1083,https://www.tokopedia.com/mang-oge/kacang-umpet-daun-mangrove-1730310337664157449?extParam=whid%3D19199883%26src%3Dshop&aff_unique_id=&channel=others&chain_key=,Kabupaten Bekasi
18,Food products,Tokopedia,Dodol jahe mangrove yang hangat,MANG oge,-6.2467,107.1083,https://www.tokopedia.com/mang-oge/dodol-jahe-mangrove-yang-hangat-1730310322693441289?extParam=src%3Dshop%26whid%3D19199883&aff_unique_id=&channel=others&chain_key=,Kabupaten Bekasi
19,Food products,Tokopedia,Dodol wijen mangrove rasa gurih asam yang nikmat,MANG oge,-6.2467,107.1083,https://www.tokopedia.com/mang-oge/dodol-wijen-mangrove-rasa-gurih-asam-yang-nikmat-1730310299814627081?extParam=src%3Dshop%26whid%3D19199883&aff_unique_id=&channel=others&chain_key=,Kabupaten Bekasi
20,Food products,Tokopedia,Sirup Mangrove Mang Oge - Sirup Manis Berkualitas,MANG oge,-6.2467,107.1083,https://www.tokopedia.com/mang-oge/sirup-mangrove-mang-oge-sirup-manis-berkualitas-1730195025827301129?extParam=src%3Dshop%26whid%3D19199883&aff_unique_id=&channel=others&chain_key=,Kabupaten Bekasi
21,Food products,Tokopedia,Dodol buah mangrove original,MANG oge,-6.2467,107.1083,https://www.tokopedia.com/mang-oge/dodol-buah-mangrove-original-1730310272375883529?extParam=src%3Dshop%26whid%3D19199883&aff_unique_id=&channel=others&chain_key=,Kabupaten Bekasi
22,Food products,Tokopedia,Keripik umpet buah mangrove,MANG oge,-6.2467,107.1083,https://www.tokopedia.com/mang-oge/keripik-umpet-buah-mangrove-1730310362274629385?extParam=src%3Dshop%26whid%3D19199883&aff_unique_id=&channel=others&chain_key=,Kabupaten Bekasi
23,Food products,Tokopedia,Stick Daun mangrove original - BALADO,MANG oge,-6.2467,107.1083,https://www.tokopedia.com/mang-oge/stick-daun-mangrove-original-1730616404463224585?extParam=src%3Dshop%26whid%3D19199883&aff_unique_id=&channel=others&chain_key=,Kabupaten Bekasi
24,Food products,Tokopedia,"Keripik Mangrove 100%cemilan alami sehat bergizi - Balado, 100",mangsnacks,-8.3333,114.2,https://www.tokopedia.com/mangsnacks/keripik-mangrove-100-cemilan-alami-sehat-bergizi-1729971737950324377?extParam=ivf%3Dfalse%26keyword%3Dkeripik+mangrove%26search_id%3D2025100307110511B9842E0A271F09BBA7%26src%3Dsearch,Kabupaten Banyuwangi
25,Food products,Tokopedia,Teh Mangrove organik 100%,mangsnacks,-8.3333,114.2,https://www.tokopedia.com/mangsnacks/teh-mangrove-organik-100-1729819594990323353?extParam=whid%3D10473416&aff_unique_id=&channel=others&chain_key=,Kabupaten Banyuwangi
26,Food products,Tokopedia,Sirup Buah Mangrove 100% Produk UMKM Kaya Vitamin A B1 B2 C Enak & Manfaat Kesehatan Tinggi Halal MUI,mangsnacks,-8.3333,114.2,https://www.tokopedia.com/mangsnacks/sirup-buah-mangrove-100-produk-umkm-kaya-vitamin-a-b1-b2-c-enak-manfaat-kesehatan-tinggi-halal-mui-1729971660387157657?extParam=whid%3D10473416&aff_unique_id=&channel=others&chain_key=,Kabupaten Banyuwangi
27,Food products,Tokopedia,"Tepung Mangrove Lindur 100% organik, kaya serat, bergizi alami, ramah lingkungan, sehat untuk keluarga, inovasi pangan lokal nusantara berbahan buah lindur Bruguiera gymnorrhiza - 1 kg",mangsnacks,-8.3333,114.2,https://www.tokopedia.com/mangsnacks/tepung-mangrove-lindur-100-organik-kaya-serat-bergizi-alami-ramah-lingkungan-sehat-untuk-keluarga-inovasi-pangan-lokal-nusantara-berbahan-buah-lindur-bruguiera-gymnorrhiza-1729902425988171417?extParam=whid%3D10473416&aff_unique_id=&channel=others&chain_key=,Kabupaten Banyuwangi
28,Food products,Tokopedia,Keripik Mangrove Oleh oleh khas Banyuwangi,Pusat oleh-oleh pelangi sari,-8.3333,114.2,https://www.tokopedia.com/pelangisaribanyuwangi/keripik-mangrove-oleh-oleh-khas-banyuwangi-1731294962118723321?extParam=whid%3D15250227&aff_unique_id=&channel=others&chain_key=,Kabupaten Banyuwangi
29,Food products,Tokopedia,DONJU - Beli 2 dapat ekstra 1 KERIPIK MANGROVE - Produk minuman (teh herbal) khas Bali yang terbuat dari daun Jeruju Alami,MITRA AMANAH OLSHOP,-8.3,114.6667,https://www.tokopedia.com/mitra-amanah-olshop/donju-beli-2-dapat-ekstra-1-keripik-mangrove-produk-minuman-teh-herbal-khas-bali-yang-terbuat-dari-daun-jeruju-alami-1729655226286115798?extParam=ivf%3Dfalse%26keyword%3Dkeripik+mangrove%26search_id%3D20251003073703B83AAC23B952870D60V4%26src%3Dsearch,Kabupaten Jembrana
30,Food products,Tokopedia,KERIPIK MANGROVE Camilan Khas Bali foods cemilan kripik,MITRA AMANAH OLSHOP,-8.3,114.6667,https://www.tokopedia.com/mitra-amanah-olshop/keripik-mangrove-camilan-khas-bali-foods-cemilan-kripik-1729643108555656150?extParam=whid%3D18953267&aff_unique_id=&channel=others&chain_key=,Kabupaten Jembrana
31,Food products,Tokopedia,Keripik Mangrove (Mangrove Chips) 65 gr,Mina Selatan,-8.3333,114.2,https://www.tokopedia.com/mina-selatan/keripik-mangrove-mangrove-chips-65-gr-mina-selatan-1730401457630119544?extParam=ivf%3Dfalse%26keyword%3Dkeripik+mangrove%26search_id%3D20251003073703B83AAC23B952870D60V4%26src%3Dsearch&t_id=1759476413503&t_st=7&t_pp=search_result&t_efo=search_pure_goods_card&t_ef=goods_search&t_sm=&t_spt=search_result,Kabupaten Banyuwangi
32,Food products,Tokopedia,KRIPIK MANGROVE Keripik Snack,mang jaka_NEW,-6.1783,106.6319,https://www.tokopedia.com/mang-jaka/kripik-mangrove-keripik-snack-1731013817242978084?extParam=whid%3D19633707&aff_unique_id=&channel=others&chain_key=,Kabupaten Tangerang
33,Food products,Tokopedia,Keripik Mangrove,CSR_Grati POMU,-7.786,112.8582,https://www.tokopedia.com/csrgrati/keripik-mangrove?extParam=ivf%3Dfalse%26keyword%3Dkeripik+mangrove%26search_id%3D2025100807420711B9842E0A271F1EA2T1%26src%3Dsearch,Kabupaten Pasuruan
34,Food products,Tokopedia,Jenang /Dodol Mangrove SOMANO,SOMANO Mangrove,-7.2504,112.7521,https://www.tokopedia.com/pudjihariana,Kota Surabaya
35,Textile,Tokopedia,Pewarna Alami Mangrove (Batik),Alat Batik,-7.9029,110.2036,https://www.tokopedia.com/alatbatikcoid/pewarna-alami-mangrove-batik-1730960616818050936?extParam=ivf%3Dfalse%26keyword%3Dtepung+mangrove%26search_id%3D202510080745598D3BBA7425E7C93563I7%26src%3Dsearch,Kabupaten Bantul
36,Food products,Tokopedia,SARI BUAH MANGROVE,microshopp,-6.186,106.83,https://www.tokopedia.com/microshop-2/sari-buah-mangrove?extParam=src%3Dshop%26whid%3D17086798&aff_unique_id=&channel=others&chain_key=,Kota Administrasi Jakarta Pusat
37,Food products,Tokopedia,Mangrove Brownies / MANGBROW - Non Vegan,bendega_id,-8.65,115.2167,https://www.tokopedia.com/bendegaid/mangrove-brownies-mangbrow-non-vegan-90d76?extParam=whid%3D16615460%26src%3Dshop&aff_unique_id=&channel=others&chain_key=,Kota Denpasar
38,Food products,Tokopedia,Mangrove Stik/ MANGTIK 100 gr - Coklat,bendega_id,-8.65,115.2167,https://www.tokopedia.com/bendegaid/mangrove-stik-mangtik-100-gr-coklat-59085?extParam=src%3Dshop%26whid%3D16615460&aff_unique_id=&channel=others&chain_key=,Kota Denpasar
39,Food products,Tokopedia,Mangrove chips / MANGSIP 100 gr - Spicy,bendega_id,-8.65,115.2167,https://www.tokopedia.com/bendegaid/mangrove-chips-mangsip-100-gr-spicy-d831b?extParam=src%3Dshop%26whid%3D16615460&aff_unique_id=&channel=others&chain_key=,Kota Denpasar
40,Food products,Shopee,ORENG OSING | Minaselatan Keripik Mangrove 65 gram,Orengosingbwi,-8.3333,114.2,https://shopee.co.id/ORENG-OSING-Minaselatan-Keripik-Mangrove-65-gram-i.272683673.21839730454?sp_atk=2065b676-53e5-4e1f-95a3-0a5660f43283&xptdk=2065b676-53e5-4e1f-95a3-0a5660f43283,Kabupaten Banyuwangi
41,Food products,Shopee,ORENG OSING | Sirup Buah Mangrove Pang Pang 350ml,Orengosingbwi,-8.3333,114.2,https://shopee.co.id/ORENG-OSING-Sirup-Buah-Mangrove-Pang-Pang-350ml-i.272683673.28590044142?sp_atk=75de1040-50d6-4ab2-89a0-0427a0951aa2&xptdk=75de1040-50d6-4ab2-89a0-0427a0951aa2,Kabupaten Banyuwangi
42,Food products,Shopee,ORENG OSING | Bagiak Mangrove Khas Banyuwangi,Orengosingbwi,-8.3333,114.2,https://shopee.co.id/ORENG-OSING-Bagiak-Mangrove-Khas-Banyuwangi-i.272683673.4058528976?sp_atk=316c273a-c65b-4c0a-82ec-38400b988fdf&xptdk=316c273a-c65b-4c0a-82ec-38400b988fdf,Kabupaten Banyuwangi
43,Food products,Shopee,ORENG OSING | Teh Mangrove Pang Pang,Orengosingbwi,-8.3333,114.2,https://shopee.co.id/ORENG-OSING-Teh-Mangrove-Pang-Pang-i.272683673.40513557022?sp_atk=ef30cfed-0d20-4804-9325-010906c23e65&xptdk=ef30cfed-0d20-4804-9325-010906c23e65,Kabupaten Banyuwangi
44,Food products,Shopee,ORENG OSING | Tepung Mangrove Pang Pang 250gr,Orengosingbwi,-8.3333,114.2,https://shopee.co.id/ORENG-OSING-Tepung-Mangrove-Pang-Pang-250gr-i.272683673.28190034685?sp_atk=0b3c90e5-c389-41dd-b5e6-e24568355e05&xptdk=0b3c90e5-c389-41dd-b5e6-e24568355e05,Kabupaten Banyuwangi
45,Food products,Shopee,SIRUP BUAH MANGROVE KEMASAN BOTOL KACA,achmad_syah_wardani.rd,-7.2504,112.7521,https://shopee.co.id/SIRUP-BUAH-MANGROVE-KEMASAN-BOTOL-KACA-i.138125501.26492551018,Kota Surabaya
46,Food products,Shopee,SELAI BUAH MANGROVE free stiker / isolasi momo,achmad_syah_wardani.rd,-7.2504,112.7521,https://shopee.co.id/SELAI-BUAH-MANGROVE-free-stiker-isolasi-momo-i.138125501.21389338629,Kota Surabaya
47,Food products,Shopee,SIRUP BUAH MANGROVE (kemasan Jerigen) free stiker / isolasi momo,achmad_syah_wardani.rd,-7.2504,112.7521,https://shopee.co.id/SIRUP-BUAH-MANGROVE-(kemasan-Jerigen)-free-stiker-isolasi-momo-i.138125501.23886259455,Kota Surabaya
48,Food products,Shopee,MANGROVE MF01 ON THE GO | Onesta Honest Honey Madu asli premium raw 100% tanpa campuran,Onesta Honest Honey,-6.1783,106.6319,https://shopee.co.id/MANGROVE-MF01-ON-THE-GO-Onesta-Honest-Honey-Madu-asli-premium-raw-100-tanpa-campuran-6vialsX7gr-i.1448032276.25841332264?sp_atk=416978d5-b237-4523-a7c9-9442c90737f8&xptdk=416978d5-b237-4523-a7c9-9442c90737f8,Kabupaten Tangerang
49,Food products,Shopee,MANGROVE MF01 | Madu asli pure raw 100% tanpa campuran - Onesta Honest Honey | 190gr,Onesta Honest Honey,-6.1783,106.6319,https://shopee.co.id/MANGROVE-MF01-Madu-asli-pure-raw-100-tanpa-campuran-Onesta-Honest-Honey-190gr-i.1448032276.29425931028?sp_atk=10edcc8d-e0ae-4dc5-ab68-50f053036665&xptdk=10edcc8d-e0ae-4dc5-ab68-50f053036665,Kabupaten Tangerang
50,Food products,Shopee,Tepung Mangrove Lindur - Mbak Jamat (500g),CV KeMANGI,-6.9667,110.4167,https://shopee.co.id/Tepung-Mangrove-Lindur-Mbak-Jamat-(500g)-i.775027248.22031483233?sp_atk=baf22bfb-1427-42aa-b0d3-321464cdbfcd&xptdk=baf22bfb-1427-42aa-b0d3-321464cdbfcd,Kota Semarang
51,Food products,Shopee,Kopi Mangrove Arjuna,CV KeMANGI,-6.9667,110.4167,https://shopee.co.id/Kopi-Mangrove-Arjuna-i.775027248.13893555301,Kota Semarang
52,Food products,Shopee,Stik Mangrove Mbak Jamat,CV KeMANGI,-6.9667,110.4167,https://shopee.co.id/Stik-Mangrove-Mbak-Jamat-i.775027248.20903417325,Kota Semarang
53,Food products,Shopee,Kerupuk Mangrove Matang - Mbak Jamat,CV KeMANGI,-6.9667,110.4167,https://shopee.co.id/Kerupuk-Mangrove-Matang-Mbak-Jamat-i.775027248.19503420054,Kota Semarang
54,Textile,Shopee,[WARNA ALAM] BAHAN ALAM WARNA COKLAT MANGROVE/BAKAU Per KG,Akari BerKreasi,-7.5667,110.8167,https://shopee.co.id/-WARNA-ALAM-BAHAN-ALAM-WARNA-COKLAT-MANGROVE-BAKAU-Per-KG-i.48724676.14498238144?sp_atk=e677b91b-e655-4105-bb87-1c292cb22991&xptdk=e677b91b-e655-4105-bb87-1c292cb22991,Kota Surakarta
55,Food products,Shopee,MUSTALI KOPI Rempah MANGROVE KHAS KOTA PROBOLINGGO,MUSTALI JAYA SENTOSA,-7.7543,113.2159,https://shopee.co.id/MUSTALI-KOPI-Rempah-MANGROVE-KHAS-KOTA-PROBOLINGGO-i.369135.16751632199?sp_atk=1375681b-386a-402c-9707-06eb2fd2220f&xptdk=1375681b-386a-402c-9707-06eb2fd2220f,Kota Probolinggo
56,Others,Shopee,Daun mangrove,johankudis,-6.19,107.11,https://shopee.co.id/Daun-mangrove-i.33807689.19685121652?sp_atk=3915709e-ae81-43be-9556-8ecd2393c4e0&xptdk=3915709e-ae81-43be-9556-8ecd2393c4e0,Kabupaten Bekasi
57,Others,Shopee,Leaf litter dekor vivarium daun mangrove avicennia sp,johankudis,-6.19,107.11,https://shopee.co.id/Leaf-litter-dekor-vivarium-daun-mangrove-avicennia-sp-i.33807689.41412135004?sp_atk=f3062cf4-4eb8-4c89-aeee-4f08f094b8cb&xptdk=f3062cf4-4eb8-4c89-aeee-4f08f094b8cb,Kabupaten Bekasi
58,Food products,Tokopedia,DODOL MANGROVE ORIGINAL BY MANGROVE JAKARTA Cemilan Snacks Candy Food,Mangrovejakarta.id,-6.4,106.8167,https://www.tokopedia.com/mangrovejakartaid/dodol-mangrove-original-by-mangrove-jakarta-cemilan-snacks-candy-food-1729654322352522710?extParam=whid%3D19473410&aff_unique_id=&channel=others&chain_key=,Kota Depok
59,Food products,Tokopedia,DODOL MANGROVE RUJAK BY MANGROVEJAKARTA Camilan Snacks Cemilan Makanan,Mangrovejakarta.id,-6.4,106.8167,https://www.tokopedia.com/mangrovejakartaid/dodol-mangrove-rujak-by-mangrovejakarta-camilan-snacks-cemilan-makanan-1729652715058922966?extParam=whid%3D19473410&aff_unique_id=&channel=others&chain_key=,Kota Depok
